,p_UU,p_UD,p_DU,p_DD
2007/01/04/morning,0.00451612236100285,0.995483877638997,0.9999999999905239,9.475975559780636e-12
2007/01/05/morning,0.,1.,0.08849060078622337,0.9115093992137766
2007/01/05/afternoon,0.003029029254579818,0.9969709707454202,0.9999999999572496,4.275024778621628e-11
2007/01/09/morning,0.9999934814641032,6.518535896859478e-6,1.,0.
2007/01/09/afternoon,0.04047559886923158,0.9595244011307684,0.9999999999999925,7.549516567451064e-15
2007/01/10/morning,0.,1.,0.002405120323470154,0.9975948796765297
2007/01/10/afternoon,7.038906722822702e-6,0.9999929610932771,0.9999769318980585,0.000023068101941525754
2007/01/11/morning,5.1024746885453e-6,0.9999948975253116,0.999998284507649,1.7154923508400088e-6
2007/01/11/afternoon,0.,0.9999999999999999,0.9382283590063587,0.0617716409936413
2007/01/12/morning,0.2884129193634528,0.7115870806365472,1.,0.
2007/01/12/afternoon,3.2863312071640394e-10,0.999999999671367,0.9999716421114443,0.000028357888555596844
2007/01/15/morning,0.04057661115785938,0.9594233888421406,1.,0.
2007/01/15/afternoon,1.0927154736606326e-9,0.9999999989072845,0.9999965262390182,3.4737609817536708e-6
2007/01/16/morning,0.2702312346288698,0.7297687653711302,1.,0.
2007/01/16/afternoon,3.0460134414767026e-9,0.9999999969539866,0.9999837910499457,0.000016208950054164006
2007/01/17/morning,0.,1.,0.9853315899900894,0.014668410009910593
2007/01/17/afternoon,0.6920394883823966,0.3079605116176034,1.,0.
2007/01/18/morning,0.8538858941844107,0.1461141058155893,1.,0.
2007/01/18/afternoon,1.62958592864193e-6,0.9999983704140714,0.9999993925195315,6.074804685951563e-7
2007/01/19/morning,0.,1.,0.8759353438662391,0.12406465613376083
2007/01/19/afternoon,0.002626221451197175,0.9973737785488029,0.9999999999999999,0.
2007/01/22/morning,0.,1.,0.9092131108609498,0.0907868891390502
2007/01/22/afternoon,0.,0.9999999999999999,0.9999981190348329,1.8809651671780614e-6
2007/01/23/morning,1.6653345369377348e-13,0.9999999999998334,0.9999965282987265,3.471701273571881e-6
2007/01/23/afternoon,0.3699668020535958,0.6300331979464042,1.,0.
2007/01/24/morning,4.687957938287468e-6,0.9999953120420617,1.,0.
2007/01/24/afternoon,0.,1.,0.9999999456120716,5.438792838319273e-8
2007/01/25/morning,0.,1.,0.7803294348391002,0.21967056516089967
2007/01/25/afternoon,4.929390229335695e-14,0.9999999999999508,0.9920009599746895,0.007999040025310489
2007/01/26/morning,1.0658141036401503e-14,0.9999999999999895,0.9999761231363543,0.000023876863645799773
2007/01/26/afternoon,5.735817820706757e-9,0.9999999942641822,0.9999999985464215,1.4535785908265098e-9
2007/01/29/morning,0.08529106291303767,0.9147089370869622,1.,0.
2007/01/29/afternoon,3.1385517118565076e-6,0.9999968614482881,0.999999999999853,1.4699352846037073e-13
2007/01/30/morning,2.174850170399978e-6,0.9999978251498296,1.,0.
2007/01/30/afternoon,0.,0.9999999999999999,0.9999998386278592,1.6137214076117345e-7
2007/01/31/morning,0.,1.,0.2371900401169385,0.7628099598830616
2007/01/31/afternoon,9.96187838886442e-8,0.9999999003812161,0.9999962972603931,3.702739606925576e-6
2007/02/01/morning,0.05448844738862557,0.9455115526113744,1.,0.
2007/02/01/afternoon,0.061748155890254175,0.9382518441097459,1.,0.
2007/02/02/morning,0.0012670532087126762,0.9987329467912873,1.,0.
2007/02/02/afternoon,0.,1.,0.9999936600249745,6.339975025415612e-6
2007/02/05/morning,0.,1.,0.657407803698443,0.342592196301557
2007/02/05/afternoon,0.,1.,0.9963807721704672,0.003619227829532834
2007/02/06/morning,3.1080824580698163e-9,0.9999999968919175,0.9999999999964011,3.5988989566249074e-12
2007/02/06/afternoon,0.00004306091540762225,0.9999569390845925,0.9999999999985006,1.4992451724538114e-12
2007/02/07/morning,0.,1.,0.7209986972057354,0.2790013027942646
2007/02/07/afternoon,0.005716965927056394,0.9942830340729436,1.,0.
2007/02/08/morning,1.7388313011679202e-12,0.9999999999982612,0.99999882743745,1.1725625499448e-6
2007/02/08/afternoon,0.,0.9999999999999999,0.9994255100176274,0.0005744899823727501
2007/02/09/morning,0.4627290787140155,0.5372709212859845,1.,0.
2007/02/09/afternoon,0.8124588900461773,0.18754110995382284,1.,0.
2007/02/13/morning,0.9854697036665637,0.014530296333436324,1.,0.
2007/02/13/afternoon,0.004607069005996056,0.995392930994004,0.9999999999999996,4.440892098500626e-16
2007/02/14/morning,0.3854227893128428,0.6145772106871572,1.,0.
2007/02/14/afternoon,0.3184883720483236,0.6815116279516763,1.,0.
2007/02/15/morning,0.,1.,0.9902764446413481,0.00972355535865188
2007/02/15/afternoon,4.64913814113288e-8,0.9999999535086187,0.9999999999998429,1.5720758028692217e-13
2007/02/16/morning,8.761675385215995e-9,0.9999999912383246,0.9999999999999948,5.329070518200751e-15
2007/02/16/afternoon,1.5864696223388819e-9,0.9999999984135303,0.9999999999986224,1.3775647289548942e-12
2007/02/19/morning,0.42607601624814473,0.5739239837518553,1.,0.
2007/02/19/afternoon,5.859313034761726e-12,0.9999999999941408,0.99999999769727,2.3027300066758016e-9
2007/02/20/morning,0.,1.,0.21412455067760894,0.7858754493223912
2007/02/20/afternoon,0.9618275926808844,0.03817240731911576,1.,0.
2007/02/21/morning,0.03498277001623462,0.9650172299837655,1.,0.
2007/02/21/afternoon,1.021405182655144e-14,0.9999999999999899,0.9943325041075104,0.005667495892489605
2007/02/22/morning,0.4197666913031619,0.5802333086968381,1.,0.
2007/02/22/afternoon,9.729594907526007e-11,0.9999999999027039,0.9999999999268514,7.314859828966291e-11
2007/02/23/morning,0.00011499543409021484,0.9998850045659097,0.9999999999999067,9.325873406851315e-14
2007/02/23/afternoon,0.5033209894857786,0.49667901051422136,1.,0.
2007/02/26/morning,0.0009576376343372051,0.9990423623656628,1.,0.
2007/02/26/afternoon,0.,1.,0.8829836464847577,0.11701635351524242
2007/02/27/morning,1.007061101176987e-10,0.999999999899294,0.9999998559788897,1.440211101488842e-7
2007/02/27/afternoon,0.,1.,0.2716754413544811,0.728324558645519
2007/02/28/morning,0.000442284862886444,0.9995577151371136,0.9999999996422987,3.5770142403634964e-10
2007/02/28/afternoon,0.0017825501141510713,0.9982174498858488,0.9999999999867301,1.3269829679529721e-11
2007/03/01/morning,0.00011807831809917957,0.9998819216819008,0.43192375013107404,0.568076249868926
2007/03/01/afternoon,0.0705088512287313,0.9294911487712686,0.9385876899011751,0.06141231009882486
2007/03/02/morning,0.00037186704550751237,0.9996281329544924,0.6772194190132741,0.3227805809867259
2007/03/02/afternoon,0.0034278963335596657,0.9965721036664406,0.8169392739697184,0.18306072603028167
2007/03/05/morning,0.47323311983875516,0.5267668801612447,0.9980833993633071,0.0019166006366928556
2007/03/05/afternoon,3.912065398514741e-6,0.9999960879346015,0.5329928384424851,0.46700716155751487
2007/03/06/morning,0.24179490010083793,0.7582050998991621,0.9996990239395729,0.0003009760604271161
2007/03/06/afternoon,0.0012784485452526084,0.9987215514547474,0.9348289475985971,0.06517105240140286
2007/03/07/morning,0.,1.,0.07756526278171673,0.9224347372182832
2007/03/07/afternoon,0.0008132138215477536,0.9991867861784522,0.8745280779723708,0.12547192202762925
2007/03/08/morning,0.24525633638970845,0.7547436636102915,0.9999999418615295,5.813847048230514e-8
2007/03/08/afternoon,0.8945532974316235,0.10544670256837657,1.,0.
2007/03/09/morning,1.4218388022513295e-7,0.9999998578161199,0.9997464617174479,0.00025353828255214594
2007/03/09/afternoon,0.005659408808119659,0.9943405911918803,0.9999999989692459,1.0307541487009075e-9
2007/03/12/morning,2.327027459614328e-13,0.9999999999997674,0.9923151920611442,0.007684807938855842
2007/03/12/afternoon,0.004473686879514105,0.995526313120486,0.9999999993103242,6.896758719676654e-10
2007/03/13/morning,1.3635004236789428e-10,0.9999999998636501,0.9998407915078462,0.00015920849215378396
2007/03/13/afternoon,2.0023982472139323e-12,0.9999999999979977,0.9990195312136397,0.0009804687863601558
2007/03/14/morning,1.687538997430238e-14,0.9999999999999832,0.9980853302026551,0.0019146697973448923
2007/03/14/afternoon,1.0171496089839138e-8,0.999999989828504,0.9999896567671804,0.000010343232819565173
2007/03/15/morning,0.12315247591434875,0.8768475240856513,1.,0.
2007/03/15/afternoon,2.6324614754713593e-7,0.9999997367538523,0.999998996644482,1.003355518003346e-6
2007/03/16/morning,3.930189507173054e-14,0.9999999999999607,0.9946207106767084,0.0053792893232915695
2007/03/16/afternoon,1.994580993036621e-6,0.999998005419007,0.999999976082849,2.3917150926422437e-8
2007/03/19/morning,0.5735014175370252,0.4264985824629747,1.,0.
2007/03/19/afternoon,0.3179838215723967,0.6820161784276032,1.,0.
2007/03/20/morning,0.00004686135058218355,0.9999531386494179,0.9999999923780807,7.621919317912784e-9
2007/03/20/afternoon,1.2727265423784218e-6,0.9999987272734575,0.9999985392398063,1.4607601936944548e-6
2007/03/22/morning,6.501865712493782e-11,0.9999999999349813,0.9982013314513611,0.0017986685486388598
2007/03/22/afternoon,1.141309269314661e-13,0.9999999999998858,0.9990932236119772,0.0009067763880228341
2007/03/23/morning,0.,1.,0.8638053384262272,0.1361946615737728
2007/03/23/afternoon,0.0009012387556173174,0.9990987612443828,0.9999999981457842,1.854215891938793e-9
2007/03/26/morning,0.,1.,0.8935934124604177,0.10640658753958232
2007/03/26/afternoon,0.21655317897944704,0.7834468210205529,1.,0.
2007/03/27/morning,0.8995689833062377,0.10043101669376225,1.,0.
2007/03/27/afternoon,0.,1.,0.9769412991241987,0.023058700875801197
2007/03/28/morning,1.8494037297145383e-6,0.9999981505962703,0.999981725537432,0.00001827446256807974
2007/03/28/afternoon,8.659739592076221e-15,0.9999999999999913,0.9948171142129358,0.005182885787064162
2007/03/29/morning,3.704374584856396e-10,0.9999999996295627,0.9998472417528007,0.00015275824719918063
2007/03/29/afternoon,0.014755108466604216,0.9852448915333957,0.9999999999708296,2.917044383821121e-11
2007/03/30/morning,0.0003946844351085943,0.9996053155648913,0.9999999999996106,3.894662370385049e-13
2007/03/30/afternoon,0.00006081272309921282,0.9999391872769008,0.9999999975239545,2.4760455907824053e-9
2007/04/02/morning,3.0820041851953306e-6,0.9999969179958147,0.9999998864207541,1.135792460082996e-7
2007/04/02/afternoon,0.,1.,0.08489953594986545,0.9151004640501346
2007/04/03/morning,0.000034125201645363035,0.9999658747983546,0.9999999996061605,3.9383962757710833e-10
2007/04/03/afternoon,0.12083975140757586,0.8791602485924243,1.,0.
2007/04/04/morning,0.08695792951039905,0.913042070489601,1.,0.
2007/04/04/afternoon,0.0031409124858601256,0.9968590875141399,0.999999999999616,3.8413716652030416e-13
2007/04/05/morning,1.4468470865836025e-10,0.9999999998553152,0.9999976803646854,2.3196353144960824e-6
2007/04/05/afternoon,0.015177841516058388,0.9848221584839416,0.9999999999999992,8.881784197001252e-16
2007/04/06/morning,0.,1.,0.9991846594442977,0.0008153405557023152
2007/04/06/afternoon,0.20214668808506797,0.797853311914932,1.,0.
2007/04/09/morning,0.03132772360543745,0.9686722763945627,1.,0.
2007/04/09/afternoon,0.00003647481646540385,0.9999635251835347,0.9999999995351851,4.6481485327376504e-10
2007/04/10/morning,1.3738720694433937e-7,0.9999998626127932,0.9999994458762664,5.54123733564893e-7
2007/04/10/afternoon,0.011281559320972523,0.9887184406790274,1.,0.
2007/04/11/morning,1.9984014443252818e-14,0.9999999999999801,0.9999938808178185,6.119182181407723e-6
2007/04/11/afternoon,9.463455724612047e-6,0.9999905365442754,0.9999999999999709,2.90878432451791e-14
2007/04/12/morning,0.,1.,0.11788392535410573,0.8821160746458944
2007/04/12/afternoon,0.0000872642214844177,0.9999127357785155,0.9999999995815324,4.1846748288776325e-10
2007/04/13/morning,0.,1.,0.3967193439927728,0.6032806560072272
2007/04/13/afternoon,0.,1.,0.6899860903153743,0.3100139096846257
2007/04/16/morning,0.7540774687454724,0.2459225312545275,1.,0.
2007/04/16/afternoon,0.,1.,0.9181505026097239,0.08184949739027614
2007/04/17/morning,0.,1.,0.6355873284252476,0.36441267157475243
2007/04/17/afternoon,9.192646643896296e-14,0.999999999999908,0.9946487842330117,0.005351215766988382
2007/04/18/morning,0.13080902878409306,0.8691909712159069,1.,0.
2007/04/18/afternoon,3.019806626980426e-14,0.9999999999999697,0.9882281547795952,0.011771845220404753
2007/04/19/morning,0.,1.,0.9933158969392506,0.006684103060749402
2007/04/19/afternoon,0.000022226536474656555,0.9999777734635253,0.999999989515063,1.0484936918686572e-8
2007/04/20/morning,1.8637535958987428e-11,0.9999999999813626,0.999992136652945,7.863347055048209e-6
2007/04/20/afternoon,0.,1.,0.6730865334445454,0.3269134665554545
2007/04/23/morning,0.05786169693996723,0.9421383030600328,1.,0.
2007/04/23/afternoon,0.,1.,0.830470944505614,0.16952905549438602
2007/04/24/morning,8.881784197001252e-16,0.9999999999999992,0.9988852034040877,0.001114796595912182
2007/04/24/afternoon,0.10186102192280888,0.8981389780771911,1.,0.
2007/04/25/morning,0.,1.,0.8906218905499717,0.10937810945002835
2007/04/25/afternoon,5.746314846177825e-7,0.9999994253685154,0.9999849949665893,0.000015005033410675495
2007/04/26/morning,4.831690603168681e-13,0.9999999999995167,0.9999917793390481,8.220660951963055e-6
2007/04/26/afternoon,0.00042195025023694654,0.999578049749763,0.9999999999987148,1.2851941733060812e-12
2007/04/27/morning,8.576432897200448e-10,0.9999999991423567,0.9999911356670748,8.864332925240248e-6
2007/04/27/afternoon,1.060105621064622e-7,0.9999998939894379,0.9999950927473544,4.907252645569571e-6
2007/05/01/morning,0.,1.,0.7900951064087208,0.20990489359127906
2007/05/01/afternoon,2.141459673588031e-6,0.9999978585403265,0.9999994581707097,5.418292903236477e-7
2007/05/02/morning,4.440892098500626e-16,0.9999999999999996,0.9964385826937813,0.0035614173062188392
2007/05/02/afternoon,0.49623474777297094,0.5037652522270291,1.,0.
2007/05/07/morning,0.1833748000859332,0.8166251999140668,1.,0.
2007/05/07/afternoon,1.1290279822162574e-8,0.9999999887097202,0.9999999731198653,2.6880134562645708e-8
2007/05/08/morning,2.286534837026011e-6,0.9999977134651629,0.999999998479023,1.520977122027034e-9
2007/05/08/afternoon,8.628928318543672e-7,0.9999991371071683,0.9999994005045274,5.994954725974111e-7
2007/05/09/morning,0.00010372775668732181,0.9998962722433127,1.,0.
2007/05/09/afternoon,0.6946564532250623,0.30534354677493775,1.,0.
2007/05/10/morning,3.552713678800501e-15,0.9999999999999964,0.9989323931528534,0.0010676068471466849
2007/05/10/afternoon,1.2664522390792854e-6,0.999998733547761,0.9999992809692337,7.190307662607864e-7
2007/05/11/morning,0.,1.,0.9811674272502802,0.018832572749719834
2007/05/11/afternoon,0.052450858821363244,0.9475491411786369,1.,0.
2007/05/14/morning,0.015479445060254893,0.9845205549397452,1.,0.
2007/05/14/afternoon,0.,1.,0.22055261271430898,0.7794473872856911
2007/05/15/morning,0.,0.9999999999999999,0.9999994217757968,5.782242031848739e-7
2007/05/15/afternoon,1.5005774400833616e-12,0.9999999999984993,0.9999948590447186,5.14095528147962e-6
2007/05/16/morning,0.,1.,0.9966701173157341,0.003329882684266039
2007/05/16/afternoon,0.8126285817321179,0.1873714182678822,1.,0.
2007/05/17/morning,0.000027094894663681757,0.9999729051053363,0.999999999999906,9.414691248821327e-14
2007/05/17/afternoon,0.,1.,0.45898039736258023,0.5410196026374199
2007/05/18/morning,0.,1.,0.47082170289654374,0.5291782971034564
2007/05/18/afternoon,0.,1.,0.9996510701615474,0.000348929838452694
2007/05/21/morning,0.,1.,0.9999834689679086,0.000016531032091426923
2007/05/21/afternoon,0.003599345490661987,0.996400654509338,1.,0.
2007/05/22/morning,0.22278863412941807,0.7772113658705819,1.,0.
2007/05/22/afternoon,6.095554838658757e-7,0.9999993904445162,0.9999999999822108,1.7789325568173808e-11
2007/05/23/morning,2.1631768332142087e-7,0.9999997836823168,0.9999999999999998,2.220446049250313e-16
2007/05/23/afternoon,0.,1.,0.9962282447261593,0.003771755273840771
2007/05/24/morning,4.2010839251815923e-13,0.9999999999995799,0.9999845903320824,0.000015409667917687386
2007/05/24/afternoon,1.176477626430028e-8,0.9999999882352237,0.9999999889316348,1.106836533537603e-8
2007/05/25/morning,0.,1.,0.7950399471416607,0.2049600528583393
2007/05/25/afternoon,0.0013307048094692853,0.9986692951905308,0.9999999999999999,0.
2007/05/28/morning,0.02196534565144992,0.9780346543485502,1.,0.
2007/05/28/afternoon,1.1435297153639112e-13,0.9999999999998856,0.9999253435144634,0.00007465648553672821
2007/05/29/morning,0.9685031260501682,0.031496873949831916,1.,0.
2007/05/29/afternoon,0.037661029954628056,0.9623389700453718,1.,0.
2007/05/30/morning,7.849276784099857e-13,0.9999999999992151,0.9999975580458427,2.4419541573283965e-6
2007/05/30/afternoon,2.1524134186101662e-7,0.9999997847586581,0.9999999999999087,9.126033262418787e-14
2007/05/31/morning,0.007294358315860672,0.9927056416841393,1.,0.
2007/05/31/afternoon,9.434014429654525e-6,0.9999905659855705,0.9999999999996623,3.377298440909726e-13
2007/06/01/morning,0.08743591583346211,0.9125640841665379,0.9999899648439042,0.000010035156095877795
2007/06/01/afternoon,5.661427397773977e-6,0.9999943385726022,0.8993692301642753,0.10063076983572472
2007/06/04/morning,0.,1.,0.10286346400501081,0.8971365359949892
2007/06/04/afternoon,0.005182826166516108,0.994817173833484,0.9998150899382446,0.00018491006175525015
2007/06/05/morning,0.3254965119796236,0.6745034880203764,0.999999999999996,3.9968028886505635e-15
2007/06/05/afternoon,0.30075538506381116,0.6992446149361888,0.9999999999998737,1.2634338020234281e-13
2007/06/06/morning,0.15614132892814547,0.8438586710718545,0.9999999999122056,8.779443838591305e-11
2007/06/06/afternoon,6.799162530768399e-7,0.9999993200837469,0.9941941142682872,0.005805885731712923
2007/06/07/morning,0.000011612113560488524,0.9999883878864394,0.9999999885055261,1.1494473817208473e-8
2007/06/07/afternoon,0.9839491444755725,0.016050855524427587,1.,0.
2007/06/08/morning,0.,1.,0.986858528500269,0.013141471499730883
2007/06/08/afternoon,1.0112798938255452e-6,0.9999989887201062,0.9999999999999933,6.661338147750939e-15
2007/06/11/morning,0.,1.,0.9485364130817531,0.05146358691824693
2007/06/11/afternoon,0.,1.,0.5896303230969795,0.4103696769030205
2007/06/12/morning,0.,1.,0.4837698232870011,0.5162301767129989
2007/06/12/afternoon,1.6233159458867163e-6,0.9999983766840541,0.9999999999999993,6.661338147750939e-16
2007/06/13/morning,6.493916515637466e-12,0.9999999999935061,0.9999999999980087,1.9912960169676808e-12
2007/06/13/afternoon,0.03666350820705366,0.9633364917929464,1.,0.
2007/06/14/morning,8.807347935402277e-7,0.9999991192652065,0.9999999999999999,0.
2007/06/14/afternoon,4.113562823704342e-10,0.9999999995886436,0.9999983770246036,1.6229753962981874e-6
2007/06/15/morning,0.00013883892268529152,0.9998611610773147,0.9999999945478657,5.4521342995883515e-9
2007/06/15/afternoon,0.0031539128492916735,0.9968460871507083,1.,0.
2007/06/18/morning,3.509814661128985e-11,0.9999999999649017,0.9999999999313844,6.86155576801184e-11
2007/06/18/afternoon,0.02462737106537949,0.9753726289346205,1.,0.
2007/06/19/morning,0.,1.,0.9999999999999767,2.3314683517128287e-14
2007/06/19/afternoon,0.0012067967843965022,0.9987932032156036,1.,0.
2007/06/20/morning,0.9957108964266059,0.004289103573394061,1.,0.
2007/06/20/afternoon,0.,1.,0.9996601485481384,0.0003398514518615503
2007/06/21/morning,0.9989566186152561,0.001043381384744036,1.,0.
2007/06/21/afternoon,0.,1.,0.9999898269328921,0.00001017306710782151
2007/06/22/morning,0.,1.,0.8170007842643408,0.18299921573565925
2007/06/22/afternoon,0.19359810372793218,0.8064018962720679,1.,0.
2007/06/25/morning,1.5192513913575567e-11,0.9999999999848075,0.9999999999997912,2.0872192862952943e-13
2007/06/25/afternoon,0.,1.,0.9999957056354711,4.294364528867334e-6
2007/06/26/morning,0.,1.,0.9482554500199785,0.05174454998002154
2007/06/26/afternoon,2.5138313652917077e-9,0.9999999974861685,0.9999999999999997,4.440892098500626e-16
2007/06/27/morning,0.,1.,0.9999960238986592,3.976101340841254e-6
2007/06/27/afternoon,0.,1.,0.017732333279154543,0.9822676667208454
2007/06/28/morning,0.04939943385147316,0.9506005661485268,1.,0.
2007/06/28/afternoon,0.00031479963464553506,0.9996852003653544,1.,0.
2007/06/29/morning,0.6927444597509953,0.30725554024900464,1.,0.
2007/06/29/afternoon,0.005771601110776459,0.9942283988892234,1.,0.
2007/07/02/morning,0.,1.,0.9999767046883506,0.000023295311649462747
2007/07/02/afternoon,0.8885098226430517,0.11149017735694836,1.,0.
2007/07/03/morning,0.,1.,0.9829548352173814,0.017045164782618638
2007/07/03/afternoon,1.4166445794216997e-13,0.9999999999998584,0.9999999957188411,4.281158982877287e-9
2007/07/04/morning,7.470275500409684e-7,0.9999992529724501,1.,0.
2007/07/04/afternoon,0.,1.,0.9345459312224955,0.06545406877750448
2007/07/05/morning,0.5930335802851225,0.40696641971487746,1.,0.
2007/07/05/afternoon,0.,1.,0.5125191207078605,0.48748087929213946
2007/07/06/morning,0.,1.,0.6217988544817868,0.37820114551821327
2007/07/06/afternoon,0.4129491972954966,0.5870508027045032,1.,0.
2007/07/09/morning,0.3325040274482527,0.6674959725517473,1.,0.
2007/07/09/afternoon,9.261635902646503e-11,0.9999999999073836,1.,0.
2007/07/10/morning,0.,1.,0.999999992476007,7.523992984204142e-9
2007/07/10/afternoon,0. + 2.4578981994173622*^70*NIntegrate[(2.718281828459045^(-2.99635416666667*t - 3.34395833333333*x)*BesselI[33., 2.996330220731134*t]*BesselI[1446., 3.3257662611732526*x])/(t*x), {t, 0., Infinity}, {x, 0., t}],1. - 2.4578981994173622*^70*NIntegrate[(E^(-2.99635416666667*t - 3.34395833333333*x)*BesselI[33, 2.996330220731134*t]*BesselI[1446, 3.3257662611732526*x])/(t*x), {t, 0, Infinity}, {x, 0, t}],1.,0.
2007/07/11/morning,0.,1.,0.9633509015625594,0.036649098437440575
2007/07/11/afternoon,2.6237873882450913e-6,0.9999973762126118,1.,0.
2007/07/12/morning,0.0741491925521447,0.9258508074478553,1.,0.
2007/07/12/afternoon,0.,1.,0.005527961550152833,0.9944720384498472
2007/07/13/morning,0.9076205638856019,0.09237943611439824,1.,0.
2007/07/13/afternoon,2.4868995751603507e-14,0.9999999999999751,1.,0.
2007/07/17/morning,0.,1.,0.857014698132644,0.14298530186735592
2007/07/17/afternoon,1.1704193170203325e-11,0.9999999999882958,1.,0.
2007/07/18/morning,0.,1.,0.1465175238906573,0.8534824761093427
2007/07/18/afternoon,3.7975953270930063e-7,0.9999996202404674,1.,0.
2007/07/19/morning,0.,1.,0.9313589729486507,0.06864102705134933
2007/07/19/afternoon,0.049464333097046786,0.9505356669029531,1.,0.
2007/07/20/morning,0.24720762470189728,0.7527923752981027,1.,0.
2007/07/20/afternoon,0.,1.,0.9195819338645357,0.08041806613546432
2007/07/23/morning,0.,1.,0.9960876376600034,0.003912362339996589
2007/07/23/afternoon,4.325677638306047e-8,0.9999999567432235,0.9999999999999976,2.4424906541753444e-15
2007/07/24/morning,0.,1.,0.9663744156011728,0.033625584398827346
2007/07/24/afternoon,0.4503940995683544,0.5496059004316456,1.,0.
2007/07/25/morning,6.463762858288646e-11,0.9999999999353623,1.,0.
2007/07/25/afternoon,0.010118760926631332,0.9898812390733688,1.,0.
2007/07/26/morning,2.220446049250313e-15,0.9999999999999979,1.,0.
2007/07/26/afternoon,0.,1.,0.9975000135689129,0.0024999864310870645
2007/07/27/morning,0.00003178916646406904,0.9999682108335359,1.,0.
2007/07/27/afternoon,0.,1.,0.9999999989494193,1.0505807335192685e-9
2007/07/30/morning,3.024076433710832e-8,0.9999999697592357,1.,0.
2007/07/30/afternoon,0.5599604091273704,0.44003959087262945,1.,0.
2007/07/31/morning,0.,1.,0.999503660922749,0.0004963390772509957
2007/07/31/afternoon,1.7677637131896518e-11,0.9999999999823224,0.9999999999971839,2.815969679659247e-12
2007/08/01/morning,0.,1.,0.9999991899772134,8.100227866236764e-7
2007/08/01/afternoon,0.,1.,0.8721331253537294,0.12786687464627056
2007/08/02/morning,4.300081846153603e-8,0.9999999569991816,0.9999999964187639,3.581236196481541e-9
2007/08/02/afternoon,0.00008117246016592361,0.9999188275398342,0.9999999999996487,3.5127456499139953e-13
2007/08/03/morning,5.892464294277033e-10,0.9999999994107535,0.9999994806294314,5.193705685524463e-7
2007/08/03/afternoon,2.8748114999643803e-12,0.9999999999971252,0.9999979804594474,2.019540552566923e-6
2007/08/06/morning,0.06629727747968106,0.933702722520319,1.,0.
2007/08/06/afternoon,6.540235775176484e-8,0.9999999345976424,0.9999999999994098,5.901945598907332e-13
2007/08/07/morning,0.,1.,0.6730812421615409,0.32691875783845914
2007/08/07/afternoon,7.410072555558145e-12,0.9999999999925899,0.9999998353878939,1.6461210616824928e-7
2007/08/08/morning,7.978506744166225e-12,0.9999999999920214,0.9999999999999999,0.
2007/08/08/afternoon,2.399570386835137e-8,0.9999999760042961,1.,0.
2007/08/09/morning,9.8267616266412e-11,0.9999999999017325,0.9999999999999923,7.549516567451064e-15
2007/08/09/afternoon,0.,1.,0.9999994282989759,5.717010240768872e-7
2007/08/10/morning,2.3792079417717105e-12,0.9999999999976208,0.9999999608130863,3.918691371396221e-8
2007/08/10/afternoon,1.669562332828889e-8,0.9999999833043767,0.9999999999999905,9.547918011776346e-15
2007/08/13/morning,1.526368236248743e-7,0.9999998473631764,0.9999999999937348,6.265210572564683e-12
2007/08/13/afternoon,1.3100631690576847e-14,0.9999999999999869,0.9999988349241854,1.16507581449099e-6
2007/08/14/morning,0.,1.,0.9999999999982451,1.7550405573274475e-12
2007/08/14/afternoon,3.9306520482895735e-8,0.9999999606934795,1.,0.
2007/08/15/morning,0.,1.,0.9885464015359801,0.011453598464020054
2007/08/15/afternoon,0.,1.,0.8604660873615897,0.1395339126384103
2007/08/16/morning,0.,1.,0.9744591874266356,0.02554081257336449
2007/08/16/afternoon,4.380408607396191e-6,0.9999956195913925,0.9999999983841017,1.615898304052621e-9
2007/08/17/morning,3.891236222131056e-10,0.9999999996108764,0.9885734657265275,0.01142653427347251
2007/08/17/afternoon,1.2600835930243193e-9,0.9999999987399165,0.9920307649264534,0.007969235073546521
2007/08/20/morning,0.0012051424448786818,0.9987948575551213,0.99999999999746,2.539968235737433e-12
2007/08/20/afternoon,3.2329916521689483e-10,0.9999999996767007,0.9999430379248916,0.0000569620751083022
2007/08/21/morning,0.2075900416614509,0.7924099583385491,1.,0.
2007/08/21/afternoon,1.1102230246251565e-14,0.9999999999999888,0.998183118808014,0.001816881191985864
2007/08/22/morning,1.746498897947646e-6,0.999998253501102,0.999999999943292,5.6707971651803746e-11
2007/08/22/afternoon,2.555968106054962e-7,0.9999997444031894,0.999999999975971,2.4029001011172113e-11
2007/08/23/morning,9.346532598986101e-7,0.9999990653467401,1.,0.
2007/08/23/afternoon,0.00008071244331020466,0.9999192875566899,1.,0.
2007/08/24/morning,0.,1.,0.99999463349613,5.36650386995241e-6
2007/08/24/afternoon,8.548961538679123e-11,0.9999999999145104,0.9999999984212746,1.5787253726529116e-9
2007/08/27/morning,0.,1.,0.9988116012284808,0.0011883987715193278
2007/08/27/afternoon,0.,1.,0.9915120632868538,0.008487936713146293
2007/08/28/morning,0.6261350721632541,0.37386492783674574,1.,0.
2007/08/28/afternoon,5.12325737389574e-11,0.9999999999487674,0.9999999953693677,4.630632322033534e-9
2007/08/29/morning,3.167555249206089e-7,0.9999996832444752,0.9999999917077088,8.292291298062082e-9
2007/08/29/afternoon,0.107642465863109,0.892357534136891,1.,0.
2007/08/30/morning,4.831979261155084e-11,0.9999999999516802,0.9999719954506892,0.00002800454931084495
2007/08/30/afternoon,1.9266366280135117e-11,0.9999999999807336,0.9998244383077108,0.00017556169228916119
2007/08/31/morning,0.000029799164146915302,0.999970200835853,0.9999999999999997,4.440892098500626e-16
2007/08/31/afternoon,0.2812061748955663,0.7187938251044337,1.,0.
2007/09/03/morning,0.01634454907290883,0.9836554509270912,0.8285367494600292,0.1714632505399709
2007/09/03/afternoon,0.5872181640612302,0.4127818359387698,0.9999698715339377,0.000030128466062429027
2007/09/04/morning,0.012489069067290748,0.9875109309327093,0.935802711005321,0.06419728899467891
2007/09/04/afternoon,0.0007095672736228131,0.9992904327263772,0.8856635906939454,0.1143364093060546
2007/09/05/morning,6.246309971480457e-7,0.9999993753690027,0.7879396693088854,0.21206033069111463
2007/09/05/afternoon,5.281195480932865e-9,0.9999999947188046,0.6605496008797078,0.3394503991202922
2007/09/06/morning,0.058032127571779224,0.9419678724282209,0.9997178820531117,0.0002821179468881496
2007/09/06/afternoon,0.05999899135272546,0.9400010086472744,0.9997755704301206,0.0002244295698794474
2007/09/07/morning,0.04660611736599707,0.953393882634003,0.9984363568936522,0.0015636431063477119
2007/09/07/afternoon,0.000538524391334283,0.9994614756086657,0.940534788551106,0.05946521144889405
2007/09/10/morning,0.13308529916784617,0.8669147008321538,0.9999840116780491,0.00001598832195082167
2007/09/10/afternoon,0.00021538821012057063,0.9997846117898794,0.9797172821021706,0.02028271789782954
2007/09/11/morning,0.0014461008536112985,0.9985538991463888,0.9924720402363614,0.007527959763638625
2007/09/11/afternoon,0.012971822050311888,0.9870281779496881,0.9999092116229744,0.00009078837702558573
2007/09/12/morning,0.000032639260276301485,0.9999673607397237,0.44167236075818916,0.5583276392418107
2007/09/12/afternoon,0.00014862005542015666,0.9998513799445798,0.9182565488004316,0.08174345119956827
2007/09/13/morning,7.999348643483728e-7,0.9999992000651357,0.7588930766912269,0.24110692330877326
2007/09/13/afternoon,1.0864766983864627e-6,0.9999989135233017,0.9153076255013559,0.08469237449864409
2007/09/14/morning,0.13833117483643043,0.8616688251635696,1.,0.
2007/09/14/afternoon,0.000021282995533500326,0.9999787170044665,0.9999999999833603,1.6639578603871996e-11
2007/09/18/morning,0.,1.,0.9993988348907534,0.0006011651092465709
2007/09/18/afternoon,9.338529949332042e-11,0.9999999999066148,0.9999999203846108,7.961538917022892e-8
2007/09/19/morning,2.2010934108696034e-6,0.9999977989065891,0.9999999999999941,5.773159728050814e-15
2007/09/19/afternoon,0.06061372862160419,0.9393862713783958,1.,0.
2007/09/20/morning,0.,1.,0.9728685249188889,0.027131475081111134
2007/09/20/afternoon,0.001525335825411922,0.9984746641745881,0.9999999999999732,2.6645352591003757e-14
2007/09/21/morning,0.00007629578377699175,0.9999237042162229,1.,0.
2007/09/21/afternoon,2.220446049250313e-16,0.9999999999999998,0.9999989854065812,1.0145934188354744e-6
2007/09/25/morning,0.,1.,0.999963980309543,0.000036019690456967624
2007/09/25/afternoon,0.007428057052287107,0.9925719429477129,1.,0.
2007/09/26/morning,1.7547649999727355e-9,0.999999998245235,0.9999999999955473,4.452660462561653e-12
2007/09/26/afternoon,0.04027606500071057,0.9597239349992895,1.,0.
2007/09/27/morning,0.2844920664349131,0.7155079335650869,1.,0.
2007/09/27/afternoon,0.29564398136358117,0.7043560186364188,1.,0.
2007/09/28/morning,0.,1.,0.7219385617106445,0.2780614382893556
2007/09/28/afternoon,1.7319479184152442e-13,0.9999999999998267,0.9999754202965851,0.00002457970341485094
2007/10/01/morning,2.0611741788911786e-6,0.9999979388258212,0.9999999999999999,0.
2007/10/01/afternoon,1.871836019518014e-13,0.9999999999998128,0.9999999989725741,1.0274259221176862e-9
2007/10/02/morning,0.,1.,0.9997094356102925,0.0002905643897075372
2007/10/02/afternoon,1.3895928168139449e-6,0.9999986104071831,0.999999999999037,9.630074515598608e-13
2007/10/03/morning,0.,1.,0.9999992706348048,7.293651953510505e-7
2007/10/03/afternoon,0.003536227238795764,0.9964637727612042,1.,0.
2007/10/04/morning,2.781340961099943e-6,0.999997218659039,0.9999999999999998,2.220446049250313e-16
2007/10/04/afternoon,0.,1.,0.9994593263851738,0.000540673614826126
2007/10/05/morning,1.6651875434092744e-9,0.9999999983348126,0.9999999999998571,1.4299672557172016e-13
2007/10/05/afternoon,0.00018546236091943058,0.9998145376390807,1.,0.
2007/10/09/morning,0.0000461518831671448,0.999953848116833,0.9999999999999997,4.440892098500626e-16
2007/10/09/afternoon,0.,1.,0.9998981628737752,0.00010183712622469088
2007/10/10/morning,2.928661757550799e-10,0.9999999997071337,0.9999999999999991,8.881784197001252e-16
2007/10/10/afternoon,0.,1.,0.9996697318587573,0.00033026814124270665
2007/10/11/morning,7.96371996081291e-6,0.9999920362800392,0.9999999999195757,8.042433385924141e-11
2007/10/11/afternoon,0.49770076471269453,0.5022992352873055,1.,0.
2007/10/12/morning,0.,1.,0.9947050206249224,0.005294979375077613
2007/10/12/afternoon,0.,1.,0.9995368074069991,0.0004631925930009828
2007/10/15/morning,0.,1.,0.6899393241883522,0.31006067581164776
2007/10/15/afternoon,1.2789263870160994e-8,0.9999999872107361,0.9999999999999991,8.881784197001252e-16
2007/10/16/morning,0.,1.,0.9793147243772462,0.020685275622753796
2007/10/16/afternoon,0.,1.,0.3573856785381695,0.6426143214618305
2007/10/17/morning,0.,1.,0.9031359547189985,0.09686404528100145
2007/10/17/afternoon,1.0997647237331876e-11,0.9999999999890024,0.9999978690181719,2.130981828107892e-6
2007/10/18/morning,0.005007274274121176,0.9949927257258788,1.,0.
2007/10/18/afternoon,1.3512828855866132e-8,0.9999999864871711,0.9999999999631902,3.680966642605199e-11
2007/10/19/morning,0.,1.,0.9891533265723496,0.010846673427650444
2007/10/19/afternoon,2.588447234330715e-10,0.9999999997411553,0.9999999978008708,2.1991293230883002e-9
2007/10/22/morning,7.841912818218333e-6,0.9999921580871818,0.9999999999559235,4.407652021143349e-11
2007/10/22/afternoon,0.012733337076119788,0.9872666629238801,1.,0.
2007/10/23/morning,1.689132216320388e-7,0.9999998310867785,0.9999999999990855,9.14379683081279e-13
2007/10/23/afternoon,0.,1.,0.9811025796547594,0.018897420345240556
2007/10/24/morning,0.02623239463937166,0.9737676053606283,1.,0.
2007/10/24/afternoon,0.,1.,0.9189701226249697,0.08102987737503042
2007/10/25/morning,9.312595139476798e-11,0.9999999999068742,0.9999980186745431,1.981325457034444e-6
2007/10/25/afternoon,1.0835776720341528e-13,0.9999999999998918,0.9989739532438859,0.001026046756114063
2007/10/26/morning,1.1621814621776139e-11,0.9999999999883781,0.9999999884722204,1.1527779619768808e-8
2007/10/26/afternoon,0.003873235924244822,0.9961267640757552,1.,0.
2007/10/29/morning,0.001050845491042507,0.9989491545089575,1.,0.
2007/10/29/afternoon,0.,1.,0.9475863022533327,0.052413697746667154
2007/10/30/morning,2.220446049250313e-16,0.9999999999999998,0.9209003426322854,0.07909965736771474
2007/10/30/afternoon,3.1308538650520745e-7,0.9999996869146136,0.9999997688351754,2.3116482461560395e-7
2007/10/31/morning,2.566968859696317e-11,0.9999999999743304,0.9999997698984594,2.301015404881923e-7
2007/10/31/afternoon,0.002042270143074454,0.9979577298569257,0.9999999999999991,8.881784197001252e-16
2007/11/01/morning,0.00017067111290725023,0.9998293288870929,0.9999999999999996,4.440892098500626e-16
2007/11/01/afternoon,0.000019262048581936142,0.9999807379514182,0.9999999999999996,4.440892098500626e-16
2007/11/02/morning,0.00011710525746222444,0.9998828947425377,0.9999999999999998,2.220446049250313e-16
2007/11/02/afternoon,0.,1.,0.9881563473649744,0.011843652635025625
2007/11/05/morning,4.440892098500626e-16,0.9999999999999997,0.9801200204754019,0.01987997952459808
2007/11/05/afternoon,8.10766529468765e-6,0.9999918923347053,0.9999712463836542,0.00002875361634568918
2007/11/06/morning,0.3406269927697374,0.6593730072302626,1.,0.
2007/11/06/afternoon,0.,1.,0.9657358784745629,0.03426412152543712
2007/11/07/morning,1.8474111129762605e-13,0.9999999999998154,0.9997942473366752,0.00020575266332478748
2007/11/07/afternoon,0.,1.,0.9901175174857376,0.009882482514262492
2007/11/08/morning,2.4234392270727767e-11,0.9999999999757657,0.9996124270485435,0.00038757295145641635
2007/11/08/afternoon,9.836682135500041e-9,0.9999999901633179,0.9999770918789803,0.000022908121019682426
2007/11/09/morning,0.,1.,0.9020554844867965,0.09794451551320349
2007/11/09/afternoon,8.046008304063434e-12,0.9999999999919539,0.9987634281175957,0.001236571882404336
2007/11/12/morning,1.292099604643937e-6,0.9999987079003954,0.9999997066236243,2.933763756374219e-7
2007/11/12/afternoon,0.0016950347709676628,0.9983049652290324,0.9999999997215026,2.784974473257762e-10
2007/11/13/morning,1.1586700687793439e-7,0.9999998841329931,0.9999988085965941,1.1914034059312684e-6
2007/11/13/afternoon,1.1524559084818975e-11,0.9999999999884753,0.9996735999495187,0.0003264000504814568
2007/11/14/morning,6.047936818021071e-9,0.9999999939520633,0.9999999999121661,8.783374028098478e-11
2007/11/14/afternoon,0.05550890723927315,0.9444910927607267,1.,0.
2007/11/15/morning,6.960457987759128e-9,0.9999999930395421,0.9999978236606134,2.176339386483761e-6
2007/11/15/afternoon,0.,1.,0.7855427019922336,0.21445729800776636
2007/11/16/morning,7.194245199571014e-14,0.9999999999999281,0.9999608089336515,0.00003919106634864278
2007/11/16/afternoon,0.12834934301470513,0.8716506569852948,1.,0.
2007/11/19/morning,1.0872044153842353e-8,0.999999989127956,0.9999999672579778,3.274202220460154e-8
2007/11/19/afternoon,1.199040866595169e-13,0.9999999999998801,0.9983120961231892,0.0016879038768107257
2007/11/20/morning,1.0658141036401503e-14,0.9999999999999895,0.9999477080647211,0.000052291935278780954
2007/11/20/afternoon,0.7129359409900402,0.2870640590099598,1.,0.
2007/11/21/morning,4.440892098500626e-16,0.9999999999999997,0.9909173389792711,0.009082661020728855
2007/11/21/afternoon,2.1302959396507504e-12,0.9999999999978696,0.9996962211069718,0.00030377889302823924
2007/11/22/morning,0.000047515508396323014,0.9999524844916037,0.999999999912563,8.743694657198375e-11
2007/11/22/afternoon,8.986574282499049e-6,0.9999910134257175,0.999999457421428,5.425785718493614e-7
2007/11/26/morning,0.057341622311829266,0.9426583776881706,1.,0.
2007/11/26/afternoon,0.000048973786017425525,0.9999510262139826,0.9999999892177072,1.0782292836353236e-8
2007/11/27/morning,0.00014569110702522536,0.9998543088929749,0.9999415993802848,0.00005840061971529309
2007/11/27/afternoon,0.000010193537963498756,0.9999898064620364,0.99924787860862,0.000752121391379923
2007/11/28/morning,0.,1.,0.9949307523614654,0.0050692476385345575
2007/11/28/afternoon,7.975609728205768e-9,0.9999999920243903,0.9999997913479868,2.0865201322273208e-7
2007/11/29/morning,6.58950707332906e-7,0.9999993410492927,0.9999999999960788,3.921307722976053e-12
2007/11/29/afternoon,6.110720538909931e-6,0.9999938892794612,0.9999999998861125,1.1388756604446826e-10
2007/11/30/morning,0.5557292761139665,0.4442707238860335,1.,0.
2007/11/30/afternoon,7.866685081125979e-11,0.9999999999213331,0.9995967606377277,0.0004032393622721564
2007/12/03/morning,0.000013692258222341991,0.9999863077417777,0.6715941061382504,0.32840589386174956
2007/12/03/afternoon,0.1309313117892723,0.8690686882107277,0.9972278541686926,0.002772145831307249
2007/12/04/morning,0.00006751550951156204,0.9999324844904885,0.6925558660558434,0.3074441339441567
2007/12/04/afternoon,0.000028557801657447257,0.9999714421983426,0.587357056101516,0.41264294389848377
2007/12/05/morning,0.012420748768353196,0.9875792512316467,0.9869654963035112,0.01303450369648873
2007/12/05/afternoon,0.27595359793352836,0.7240464020664716,0.9999996210193649,3.789806350962266e-7
2007/12/06/morning,0.0017647757922123475,0.9982352242077878,0.9706370502175938,0.029362949782406167
2007/12/06/afternoon,0.15425665313134895,0.8457433468686509,0.9999934122711577,6.587728842433194e-6
2007/12/07/morning,0.01013541814548935,0.9898645818545108,0.9747874202343193,0.025212579765680587
2007/12/07/afternoon,0.000041846736154482755,0.9999581532638455,0.7717169888984852,0.2282830111015146
2007/12/10/morning,4.916556051171028e-11,0.9999999999508346,0.5055053712332482,0.49449462876675176
2007/12/10/afternoon,0.0004120486350560615,0.9995879513649438,0.915015779966804,0.08498422003319606
2007/12/11/morning,0.0291389394914936,0.9708610605085064,0.9996845078515174,0.00031549214848247686
2007/12/11/afternoon,0.05519893054763925,0.9448010694523608,0.9999898629330448,0.000010137066955184793
2007/12/12/morning,0.00025331829943420203,0.9997466817005657,0.9946895140223949,0.005310485977604973
2007/12/12/afternoon,0.57655873846117,0.42344126153883005,0.9999999999999997,2.220446049250313e-16
2007/12/13/morning,3.018276084620908e-7,0.9999996981723915,0.9081812726097173,0.09181872739028263
2007/12/13/afternoon,3.9257486150745535e-13,0.9999999999996074,0.3332988421824835,0.6667011578175164
2007/12/14/morning,0.17983873533163708,0.820161264668363,0.9999999999998497,1.503241975342462e-13
2007/12/14/afternoon,2.2401500625601756e-6,0.9999977598499374,0.9998692903499894,0.00013070965001071855
2007/12/17/morning,0.14695200141019527,0.8530479985898047,1.,0.
2007/12/17/afternoon,0.,1.,0.40470260632847177,0.5952973936715282
2007/12/18/morning,0.04822449549930097,0.9517755045006991,0.9999999999940833,5.916600542832384e-12
2007/12/18/afternoon,2.6420521326286917e-9,0.9999999973579479,0.9899803153388544,0.010019684661145556
2007/12/19/morning,0.001657547491060063,0.9983424525089399,0.9999999999997112,2.886579864025407e-13
2007/12/19/afternoon,0.,1.,0.5540049899744706,0.44599501002552944
2007/12/20/morning,2.3445424481849386e-6,0.9999976554575518,0.9998400725352605,0.00015992746473947328
2007/12/20/afternoon,6.661338147750939e-16,0.9999999999999993,0.8607482488106466,0.1392517511893534
2007/12/21/morning,0.41940019082136004,0.5805998091786398,1.,0.
2007/12/21/afternoon,0.023501959346455603,0.9764980406535445,0.9999999999994705,5.293543381412746e-13
2007/12/25/morning,0.,1.,0.9982644798532602,0.001735520146739944
2007/12/25/afternoon,0.5393364911107379,0.46066350888926205,1.,0.
2007/12/26/morning,0.,1.,0.9559807196997072,0.044019280300292785
2007/12/26/afternoon,0.774047338605167,0.22595266139483314,1.,0.
2007/12/27/morning,0.,1.,0.25393083075441775,0.7460691692455823
2007/12/27/afternoon,3.3028463963802324e-8,0.9999999669715361,0.974968881724954,0.025031118275046005
2007/12/28/morning,0.,1.,0.21846215656917908,0.781537843430821